timestamp,coin,price_usd
2025-06-11T02:23:25,bitcoin,109661
2025-06-11T02:23:25,ethereum,2786.25
2025-06-11T02:35:17,bitcoin,109593
2025-06-11T02:35:17,ethereum,2782.57
2025-06-11T03:49:29,bitcoin,109672
2025-06-11T03:49:29,ethereum,2793.87
2025-06-11T04:31:44,bitcoin,109660
2025-06-11T04:31:44,ethereum,2792.57
2025-06-11T05:23:12,bitcoin,109475
2025-06-11T05:23:12,ethereum,2792.53
2025-06-11T06:33:47,bitcoin,109466
2025-06-11T06:33:47,ethereum,2785.87
2025-06-11T07:22:32,bitcoin,109647
2025-06-11T07:22:32,ethereum,2795.24
2025-06-11T08:31:19,bitcoin,109534
2025-06-11T08:31:19,ethereum,2779.61
2025-06-11T09:25:57,bitcoin,109548
2025-06-11T09:25:57,ethereum,2770.33
2025-06-11T10:25:27,bitcoin,109293
2025-06-11T10:25:27,ethereum,2766.51
2025-06-11T11:19:52,bitcoin,109282
2025-06-11T11:19:52,ethereum,2766.18
2025-06-11T12:49:02,bitcoin,109643
2025-06-11T12:49:02,ethereum,2810.85
2025-06-11T13:35:30,bitcoin,109631
2025-06-11T13:35:30,ethereum,2803.82
2025-06-11T14:21:43,bitcoin,110162
2025-06-11T14:21:43,ethereum,2815.42
2025-06-11T15:26:11,bitcoin,109813
2025-06-11T15:26:11,ethereum,2840.87
2025-06-11T16:30:06,bitcoin,109519
2025-06-11T16:30:06,ethereum,2855.65
2025-06-11T17:20:37,bitcoin,109566
2025-06-11T17:20:37,ethereum,2851.04
2025-06-11T18:33:08,bitcoin,108552
2025-06-11T18:33:08,ethereum,2813.93
2025-06-11T19:18:11,bitcoin,108869
2025-06-11T19:18:11,ethereum,2822.13
2025-06-11T20:24:31,bitcoin,108901
2025-06-11T20:24:31,ethereum,2814.7
2025-06-11T21:21:50,bitcoin,109108
2025-06-11T21:21:50,ethereum,2826.82
2025-06-11T22:21:57,bitcoin,108524
2025-06-11T22:21:57,ethereum,2774.05
2025-06-11T23:23:22,bitcoin,108534
2025-06-11T23:23:22,ethereum,2769.78
2025-06-12T01:53:50,bitcoin,108410
2025-06-12T01:53:50,ethereum,2764.3
2025-06-12T03:18:01,bitcoin,108367
2025-06-12T03:18:01,ethereum,2759.88
2025-06-12T04:29:32,bitcoin,107623
2025-06-12T04:29:32,ethereum,2757.52
2025-06-12T05:22:56,bitcoin,107781
2025-06-12T05:22:56,ethereum,2759.21
2025-06-12T06:33:58,bitcoin,107825
2025-06-12T06:33:58,ethereum,2762.82
2025-06-12T07:23:01,bitcoin,107876
2025-06-12T07:23:01,ethereum,2768.55
2025-06-12T08:31:07,bitcoin,107798
2025-06-12T08:31:07,ethereum,2754.15
2025-06-12T09:25:08,bitcoin,107627
2025-06-12T09:25:08,ethereum,2753.66
2025-06-12T10:25:39,bitcoin,107397
2025-06-12T10:25:39,ethereum,2747.71
2025-06-12T11:19:35,bitcoin,107279
2025-06-12T11:19:35,ethereum,2748.68
2025-06-12T12:48:05,bitcoin,107294
2025-06-12T12:48:05,ethereum,2742.58
2025-06-12T13:35:18,bitcoin,106802
2025-06-12T13:35:18,ethereum,2737.34
2025-06-12T14:23:07,bitcoin,107413
2025-06-12T14:23:07,ethereum,2761.71
2025-06-12T15:25:50,bitcoin,107536
2025-06-12T15:25:50,ethereum,2761.12
2025-06-12T16:29:12,bitcoin,107565
2025-06-12T16:29:12,ethereum,2738.6
2025-06-12T17:20:29,bitcoin,107935
2025-06-12T17:20:29,ethereum,2750.99
2025-06-12T18:31:51,bitcoin,107851
2025-06-12T18:31:51,ethereum,2739.88
2025-06-12T19:17:57,bitcoin,107653
2025-06-12T19:17:57,ethereum,2735.84
2025-06-13T18:42:57+00:00,BTC,104814.0
2025-06-13T18:42:57+00:00,ETH,2515.45
2025-06-13T18:54:02+00:00,BTC,105014.0
2025-06-13T18:54:02+00:00,ETH,2525.42
2025-06-13T18:56:31+00:00,BTC,105098.0
2025-06-13T18:56:31+00:00,ETH,2529.51
2025-06-13T18:58:35+00:00,BTC,105091.0
2025-06-13T18:58:35+00:00,ETH,2528.23
2025-06-13T19:18:24+00:00,BTC,105306.0
2025-06-13T19:18:24+00:00,ETH,2535.17
2025-06-13T20:25:37+00:00,BTC,105303.0
2025-06-13T20:25:37+00:00,ETH,2535.9
2025-06-13T21:21:50+00:00,BTC,105402.0
2025-06-13T21:21:50+00:00,ETH,2546.32
2025-06-13T22:21:48+00:00,BTC,105750.0
2025-06-13T22:21:48+00:00,ETH,2561.95
2025-06-13T23:22:49+00:00,BTC,105884.0
2025-06-13T23:22:49+00:00,ETH,2574.3
2025-06-14T01:50:38+00:00,BTC,105567.0
2025-06-14T01:50:38+00:00,ETH,2563.61
2025-06-14T03:13:58+00:00,BTC,105359.0
2025-06-14T03:13:58+00:00,ETH,2555.88
2025-06-14T04:27:49+00:00,BTC,105347.0
2025-06-14T04:27:49+00:00,ETH,2553.54
2025-06-14T05:22:37+00:00,BTC,105335.0
2025-06-14T05:22:37+00:00,ETH,2550.1
2025-06-14T06:30:16+00:00,BTC,105193.0
2025-06-14T06:30:16+00:00,ETH,2545.52
2025-06-14T07:20:02+00:00,BTC,104994.0
2025-06-14T07:20:02+00:00,ETH,2538.77
2025-06-14T08:26:53+00:00,BTC,104992.0
2025-06-14T08:26:53+00:00,ETH,2533.17
2025-06-14T09:23:49+00:00,BTC,105095.0
2025-06-14T09:23:49+00:00,ETH,2532.58
2025-06-14T10:22:14+00:00,BTC,104944.0
2025-06-14T10:22:14+00:00,ETH,2526.07
2025-06-14T11:17:08+00:00,BTC,105019.0
2025-06-14T11:17:08+00:00,ETH,2534.33
2025-06-14T12:42:01+00:00,BTC,104979.0
2025-06-14T12:42:01+00:00,ETH,2534.8
2025-06-14T13:29:18+00:00,BTC,104945.0
2025-06-14T13:29:18+00:00,ETH,2539.42
2025-06-14T14:19:09+00:00,BTC,105066.0
2025-06-14T14:19:09+00:00,ETH,2533.85
2025-06-14T15:21:25+00:00,BTC,104983.0
2025-06-14T15:21:25+00:00,ETH,2529.8
2025-06-14T16:26:28+00:00,BTC,104831.0
2025-06-14T16:26:28+00:00,ETH,2515.38
2025-06-14T17:18:20+00:00,BTC,104652.0
2025-06-14T17:18:20+00:00,ETH,2505.89
2025-06-14T18:28:47+00:00,BTC,104710.0
2025-06-14T18:28:47+00:00,ETH,2512.16
2025-06-14T19:16:57+00:00,BTC,104983.0
2025-06-14T19:16:57+00:00,ETH,2513.85
2025-06-14T20:23:00+00:00,BTC,104453.0
2025-06-14T20:23:00+00:00,ETH,2503.58
2025-06-14T21:19:58+00:00,BTC,105034.0
2025-06-14T21:19:58+00:00,ETH,2513.31
2025-06-14T22:20:59+00:00,BTC,105469.0
2025-06-14T22:20:59+00:00,ETH,2531.49
2025-06-14T23:23:00+00:00,BTC,105461.0
2025-06-14T23:23:00+00:00,ETH,2530.71
2025-06-15T02:04:37+00:00,BTC,105478.0
2025-06-15T02:04:37+00:00,ETH,2530.29
2025-06-15T03:52:44+00:00,BTC,105548.0
2025-06-15T03:52:44+00:00,ETH,2532.85
2025-06-15T04:31:55+00:00,BTC,105543.0
2025-06-15T04:31:55+00:00,ETH,2533.37
2025-06-15T05:21:05+00:00,BTC,105561.0
2025-06-15T05:21:05+00:00,ETH,2539.54
2025-06-15T06:30:59+00:00,BTC,105667.0
2025-06-15T06:30:59+00:00,ETH,2539.59
2025-06-15T07:21:03+00:00,BTC,105440.0
2025-06-15T07:21:03+00:00,ETH,2532.37
2025-06-15T08:27:11+00:00,BTC,105315.0
2025-06-15T08:27:11+00:00,ETH,2523.62
2025-06-15T09:22:30+00:00,BTC,104987.0
2025-06-15T09:22:30+00:00,ETH,2515.03
2025-06-15T10:24:16+00:00,BTC,105104.0
2025-06-15T10:24:16+00:00,ETH,2519.71
2025-06-15T11:17:47+00:00,BTC,105125.0
2025-06-15T11:17:47+00:00,ETH,2520.27
2025-06-15T12:42:28+00:00,BTC,105100.0
2025-06-15T12:42:28+00:00,ETH,2520.66
2025-06-15T13:29:29+00:00,BTC,105508.0
2025-06-15T13:29:29+00:00,ETH,2534.85
2025-06-15T14:19:11+00:00,BTC,105434.0
2025-06-15T14:19:11+00:00,ETH,2544.48
2025-06-15T15:21:32+00:00,BTC,105623.0
2025-06-15T15:21:32+00:00,ETH,2547.03
2025-06-15T16:26:30+00:00,BTC,105443.0
2025-06-15T16:26:30+00:00,ETH,2539.1
2025-06-15T17:19:06+00:00,BTC,105534.0
2025-06-15T17:19:06+00:00,ETH,2547.72
2025-06-15T18:29:28+00:00,BTC,105529.0
2025-06-15T18:29:28+00:00,ETH,2544.61
2025-06-15T19:17:36+00:00,BTC,105552.0
2025-06-15T19:17:36+00:00,ETH,2551.27
2025-06-15T20:23:37+00:00,BTC,105074.0
2025-06-15T20:23:37+00:00,ETH,2524.5
2025-06-15T21:19:56+00:00,BTC,104653.0
2025-06-15T21:19:56+00:00,ETH,2504.06
2025-06-15T22:20:47+00:00,BTC,105114.0
2025-06-15T22:20:47+00:00,ETH,2539.38
2025-06-15T23:20:30+00:00,BTC,105305.0
2025-06-15T23:20:30+00:00,ETH,2543.01
2025-06-16T01:58:40+00:00,BTC,105727.0
2025-06-16T01:58:40+00:00,ETH,2546.74
2025-06-16T03:25:22+00:00,BTC,105840.0
2025-06-16T03:25:22+00:00,ETH,2568.83
2025-06-16T04:34:55+00:00,BTC,106264.0
2025-06-16T04:34:55+00:00,ETH,2573.41
2025-06-16T05:24:53+00:00,BTC,106485.0
2025-06-16T05:24:53+00:00,ETH,2579.43
2025-06-16T06:35:39+00:00,BTC,106660.0
2025-06-16T06:35:39+00:00,ETH,2613.42
2025-06-16T07:24:27+00:00,BTC,106675.0
2025-06-16T07:24:27+00:00,ETH,2624.92
2025-06-16T08:32:33+00:00,BTC,107007.0
2025-06-16T08:32:33+00:00,ETH,2624.35
2025-06-16T09:27:08+00:00,BTC,107008.0
2025-06-16T09:27:08+00:00,ETH,2625.22
2025-06-16T10:26:11+00:00,BTC,107121.0
2025-06-16T10:26:11+00:00,ETH,2628.29
2025-06-16T11:20:16+00:00,BTC,106716.0
2025-06-16T11:20:16+00:00,ETH,2609.2
2025-06-16T12:49:55+00:00,BTC,106780.0
2025-06-16T12:49:55+00:00,ETH,2615.85
2025-06-16T13:36:12+00:00,BTC,106637.0
2025-06-16T13:36:12+00:00,ETH,2612.55
2025-06-16T14:23:51+00:00,BTC,107202.0
2025-06-16T14:23:51+00:00,ETH,2639.65
2025-06-16T15:25:47+00:00,BTC,107612.0
2025-06-16T15:25:47+00:00,ETH,2642.59
2025-06-16T16:30:04+00:00,BTC,107688.0
2025-06-16T16:30:04+00:00,ETH,2640.15
2025-06-16T17:20:12+00:00,BTC,107772.0
2025-06-16T17:20:12+00:00,ETH,2635.66
2025-06-16T18:32:49+00:00,BTC,108053.0
2025-06-16T18:32:49+00:00,ETH,2642.92
2025-06-16T19:17:51+00:00,BTC,108619.0
2025-06-16T19:17:51+00:00,ETH,2651.46
2025-06-16T20:25:51+00:00,BTC,108605.0
2025-06-16T20:25:51+00:00,ETH,2654.42
2025-06-16T21:21:52+00:00,BTC,108602.0
2025-06-16T21:21:52+00:00,ETH,2656.91
2025-06-16T22:22:10+00:00,BTC,108730.0
2025-06-16T22:22:10+00:00,ETH,2652.83
2025-06-16T23:21:40+00:00,BTC,107840.0
2025-06-16T23:21:40+00:00,ETH,2579.94
2025-06-17T01:55:28+00:00,BTC,107237.0
2025-06-17T01:55:28+00:00,ETH,2583.9
2025-06-17T03:20:00+00:00,BTC,107583.0
2025-06-17T03:20:00+00:00,ETH,2613.93
2025-06-17T04:31:19+00:00,BTC,107529.0
2025-06-17T04:31:19+00:00,ETH,2597.76
2025-06-17T05:23:11+00:00,BTC,107299.0
2025-06-17T05:23:11+00:00,ETH,2593.61
2025-06-17T06:33:57+00:00,BTC,107015.0
2025-06-17T06:33:57+00:00,ETH,2582.97
2025-06-17T07:23:03+00:00,BTC,106737.0
2025-06-17T07:23:03+00:00,ETH,2581.31
2025-06-17T08:31:47+00:00,BTC,106786.0
2025-06-17T08:31:47+00:00,ETH,2581.31
2025-06-17T09:26:09+00:00,BTC,106472.0
2025-06-17T09:26:09+00:00,ETH,2570.39
2025-06-17T10:25:45+00:00,BTC,106100.0
2025-06-17T10:25:45+00:00,ETH,2560.09
2025-06-17T11:19:34+00:00,BTC,105758.0
2025-06-17T11:19:34+00:00,ETH,2550.03
2025-06-17T12:49:30+00:00,BTC,105709.0
2025-06-17T12:49:30+00:00,ETH,2555.18
2025-06-17T13:34:43+00:00,BTC,105611.0
2025-06-17T13:34:43+00:00,ETH,2556.18
2025-06-17T14:24:10+00:00,BTC,105500.0
2025-06-17T14:24:10+00:00,ETH,2560.81
2025-06-17T15:26:21+00:00,BTC,104499.0
2025-06-17T15:26:21+00:00,ETH,2510.52
2025-06-17T16:30:10+00:00,BTC,104254.0
2025-06-17T16:30:10+00:00,ETH,2492.01
2025-06-17T17:20:53+00:00,BTC,103702.0
2025-06-17T17:20:53+00:00,ETH,2466.03
2025-06-17T18:32:59+00:00,BTC,103771.0
2025-06-17T18:32:59+00:00,ETH,2468.45
2025-06-17T19:18:21+00:00,BTC,104775.0
2025-06-17T19:18:21+00:00,ETH,2511.03
2025-06-17T20:25:04+00:00,BTC,104473.0
2025-06-17T20:25:04+00:00,ETH,2519.32
2025-06-17T21:22:08+00:00,BTC,104435.0
2025-06-17T21:22:08+00:00,ETH,2509.83
2025-06-17T22:21:29+00:00,BTC,104668.0
2025-06-17T22:21:29+00:00,ETH,2517.31
2025-06-17T23:21:24+00:00,BTC,104490.0
2025-06-17T23:21:24+00:00,ETH,2508.21
2025-06-18T01:54:45+00:00,BTC,104747.0
2025-06-18T01:54:45+00:00,ETH,2522.56
2025-06-18T03:18:55+00:00,BTC,104968.0
2025-06-18T03:18:55+00:00,ETH,2517.03
2025-06-18T04:31:43+00:00,BTC,105241.0
2025-06-18T04:31:43+00:00,ETH,2530.72
2025-06-18T05:23:12+00:00,BTC,105442.0
2025-06-18T05:23:12+00:00,ETH,2535.93
2025-06-18T06:33:56+00:00,BTC,105353.0
2025-06-18T06:33:56+00:00,ETH,2533.75
2025-06-18T07:23:12+00:00,BTC,104918.0
2025-06-18T07:23:12+00:00,ETH,2523.01
2025-06-18T08:31:16+00:00,BTC,105142.0
2025-06-18T08:31:16+00:00,ETH,2539.78
2025-06-18T09:26:08+00:00,BTC,105015.0
2025-06-18T09:26:08+00:00,ETH,2537.57
2025-06-18T10:25:02+00:00,BTC,104726.0
2025-06-18T10:25:02+00:00,ETH,2525.69
2025-06-18T11:19:54+00:00,BTC,104453.0
2025-06-18T11:19:54+00:00,ETH,2502.55
2025-06-18T12:49:26+00:00,BTC,104542.0
2025-06-18T12:49:26+00:00,ETH,2499.65
2025-06-18T13:36:04+00:00,BTC,103943.0
2025-06-18T13:36:04+00:00,ETH,2471.57
2025-06-18T14:23:44+00:00,BTC,105083.0
2025-06-18T14:23:44+00:00,ETH,2530.1
2025-06-18T15:26:22+00:00,BTC,104486.0
2025-06-18T15:26:22+00:00,ETH,2504.22
2025-06-18T16:30:04+00:00,BTC,104422.0
2025-06-18T16:30:04+00:00,ETH,2500.33
2025-06-18T17:21:54+00:00,BTC,104249.0
2025-06-18T17:21:54+00:00,ETH,2490.89
2025-06-18T18:32:56+00:00,BTC,104268.0
2025-06-18T18:32:56+00:00,ETH,2493.64
2025-06-18T19:18:35+00:00,BTC,104139.0
2025-06-18T19:18:35+00:00,ETH,2495.25
2025-06-18T20:26:55+00:00,BTC,104031.0
2025-06-18T20:26:55+00:00,ETH,2500.52
2025-06-18T21:21:27+00:00,BTC,104556.0
2025-06-18T21:21:27+00:00,ETH,2518.67
2025-06-18T22:21:39+00:00,BTC,104928.0
2025-06-18T22:21:39+00:00,ETH,2526.16
2025-06-18T23:21:29+00:00,BTC,104904.0
2025-06-18T23:21:29+00:00,ETH,2527.62
2025-06-19T01:55:40+00:00,BTC,104618.0
2025-06-19T01:55:40+00:00,ETH,2515.71
2025-06-19T03:20:06+00:00,BTC,104878.0
2025-06-19T03:20:06+00:00,ETH,2519.28
2025-06-19T04:31:04+00:00,BTC,104875.0
2025-06-19T04:31:04+00:00,ETH,2518.35
2025-06-19T05:22:36+00:00,BTC,105084.0
2025-06-19T05:22:36+00:00,ETH,2526.5
2025-06-19T06:33:57+00:00,BTC,104705.0
2025-06-19T06:33:57+00:00,ETH,2518.81
2025-06-19T07:22:29+00:00,BTC,104818.0
2025-06-19T07:22:29+00:00,ETH,2523.96
2025-06-19T08:31:16+00:00,BTC,104901.0
2025-06-19T08:31:16+00:00,ETH,2526.73
2025-06-19T09:25:37+00:00,BTC,104967.0
2025-06-19T09:25:37+00:00,ETH,2528.34
2025-06-19T10:25:12+00:00,BTC,105011.0
2025-06-19T10:25:12+00:00,ETH,2536.93
2025-06-19T11:19:38+00:00,BTC,104847.0
2025-06-19T11:19:38+00:00,ETH,2533.38
2025-06-19T12:48:34+00:00,BTC,104742.0
2025-06-19T12:48:34+00:00,ETH,2526.04
2025-06-19T13:34:06+00:00,BTC,104715.0
2025-06-19T13:34:06+00:00,ETH,2521.48
2025-06-19T14:22:22+00:00,BTC,104480.0
2025-06-19T14:22:22+00:00,ETH,2514.28
2025-06-19T15:24:31+00:00,BTC,104351.0
2025-06-19T15:24:31+00:00,ETH,2500.71
2025-06-19T16:29:11+00:00,BTC,104355.0
2025-06-19T16:29:11+00:00,ETH,2500.8
2025-06-19T17:21:42+00:00,BTC,104053.0
2025-06-19T17:21:42+00:00,ETH,2491.6
2025-06-19T18:31:25+00:00,BTC,104519.0
2025-06-19T18:31:25+00:00,ETH,2511.99
2025-06-19T19:16:27+00:00,BTC,104357.0
2025-06-19T19:16:27+00:00,ETH,2503.37
2025-06-19T20:26:45+00:00,BTC,104428.0
2025-06-19T20:26:45+00:00,ETH,2513.16
2025-06-19T21:20:58+00:00,BTC,104311.0
2025-06-19T21:20:58+00:00,ETH,2507.89
2025-06-19T22:21:36+00:00,BTC,104529.0
2025-06-19T22:21:36+00:00,ETH,2517.7
2025-06-19T23:22:26+00:00,BTC,104787.0
2025-06-19T23:22:26+00:00,ETH,2527.07
2025-06-20T01:54:29+00:00,BTC,104688.0
2025-06-20T01:54:29+00:00,ETH,2525.88
2025-06-20T03:18:46+00:00,BTC,104550.0
2025-06-20T03:18:46+00:00,ETH,2515.37
2025-06-20T04:30:27+00:00,BTC,104490.0
2025-06-20T04:30:27+00:00,ETH,2513.28
2025-06-20T05:23:22+00:00,BTC,104359.0
2025-06-20T05:23:22+00:00,ETH,2508.54
2025-06-20T06:33:45+00:00,BTC,104731.0
2025-06-20T06:33:45+00:00,ETH,2521.89
2025-06-20T07:22:06+00:00,BTC,104812.0
2025-06-20T07:22:06+00:00,ETH,2526.01
2025-06-20T08:30:44+00:00,BTC,106443.0
2025-06-20T08:30:44+00:00,ETH,2562.81
2025-06-20T09:24:50+00:00,BTC,105895.0
2025-06-20T09:24:50+00:00,ETH,2551.13
2025-06-20T10:25:08+00:00,BTC,105950.0
2025-06-20T10:25:08+00:00,ETH,2550.23
2025-06-20T11:19:20+00:00,BTC,105916.0
2025-06-20T11:19:20+00:00,ETH,2548.74
2025-06-20T12:48:07+00:00,BTC,106008.0
2025-06-20T12:48:07+00:00,ETH,2554.2
2025-06-20T13:33:20+00:00,BTC,106045.0
2025-06-20T13:33:20+00:00,ETH,2556.51
2025-06-20T14:22:05+00:00,BTC,105568.0
2025-06-20T14:22:05+00:00,ETH,2533.67
2025-06-20T15:24:08+00:00,BTC,104293.0
2025-06-20T15:24:08+00:00,ETH,2500.72
2025-06-20T16:28:37+00:00,BTC,104160.0
2025-06-20T16:28:37+00:00,ETH,2484.65
2025-06-20T17:20:10+00:00,BTC,103534.0
2025-06-20T17:20:10+00:00,ETH,2480.0
2025-06-20T18:32:12+00:00,BTC,103154.0
2025-06-20T18:32:12+00:00,ETH,2420.66
2025-06-20T19:18:13+00:00,BTC,103123.0
2025-06-20T19:18:13+00:00,ETH,2407.76
2025-06-20T20:25:21+00:00,BTC,103573.0
2025-06-20T20:25:21+00:00,ETH,2428.8
2025-06-20T21:20:35+00:00,BTC,103530.0
2025-06-20T21:20:35+00:00,ETH,2419.56
2025-06-20T22:21:47+00:00,BTC,103230.0
2025-06-20T22:21:47+00:00,ETH,2405.55
2025-06-20T23:22:23+00:00,BTC,103110.0
2025-06-20T23:22:23+00:00,ETH,2392.64
2025-06-21T01:52:32+00:00,BTC,103445.0
2025-06-21T01:52:32+00:00,ETH,2427.64
2025-06-21T03:15:31+00:00,BTC,103577.0
2025-06-21T03:15:31+00:00,ETH,2426.73
2025-06-21T04:28:07+00:00,BTC,103437.0
2025-06-21T04:28:07+00:00,ETH,2423.8
2025-06-21T05:21:39+00:00,BTC,103382.0
2025-06-21T05:21:39+00:00,ETH,2421.94
2025-06-21T06:30:57+00:00,BTC,103464.0
2025-06-21T06:30:57+00:00,ETH,2424.6
2025-06-21T07:21:00+00:00,BTC,103449.0
2025-06-21T07:21:00+00:00,ETH,2423.07
2025-06-21T08:27:37+00:00,BTC,103510.0
2025-06-21T08:27:37+00:00,ETH,2426.41
2025-06-21T09:22:23+00:00,BTC,103721.0
2025-06-21T09:22:23+00:00,ETH,2436.46
2025-06-21T10:23:37+00:00,BTC,103879.0
2025-06-21T10:23:37+00:00,ETH,2440.75
2025-06-21T11:19:39+00:00,BTC,103828.0
2025-06-21T11:19:39+00:00,ETH,2440.1
2025-06-21T12:42:21+00:00,BTC,103881.0
2025-06-21T12:42:21+00:00,ETH,2441.47
2025-06-21T13:29:35+00:00,BTC,103853.0
2025-06-21T13:29:35+00:00,ETH,2440.26
2025-06-21T14:20:43+00:00,BTC,103555.0
2025-06-21T14:20:43+00:00,ETH,2420.33
2025-06-21T15:21:37+00:00,BTC,103563.0
2025-06-21T15:21:37+00:00,ETH,2422.64
2025-06-21T16:26:49+00:00,BTC,103631.0
2025-06-21T16:26:49+00:00,ETH,2425.86
2025-06-21T17:18:47+00:00,BTC,103546.0
2025-06-21T17:18:47+00:00,ETH,2419.42
2025-06-21T18:29:06+00:00,BTC,103267.0
2025-06-21T18:29:06+00:00,ETH,2402.92
2025-06-21T19:17:41+00:00,BTC,102666.0
2025-06-21T19:17:41+00:00,ETH,2389.34
2025-06-21T20:23:03+00:00,BTC,102363.0
2025-06-21T20:23:03+00:00,ETH,2388.34
2025-06-21T21:19:33+00:00,BTC,102528.0
2025-06-21T21:19:33+00:00,ETH,2395.35
2025-06-21T22:20:14+00:00,BTC,101787.0
2025-06-21T22:20:14+00:00,ETH,2299.57
2025-06-21T23:21:05+00:00,BTC,101579.0
2025-06-21T23:21:05+00:00,ETH,2277.14
2025-06-22T02:04:02+00:00,BTC,102484.0
2025-06-22T02:04:02+00:00,ETH,2271.82
2025-06-22T03:53:58+00:00,BTC,102220.0
2025-06-22T03:53:58+00:00,ETH,2261.2
2025-06-22T04:33:30+00:00,BTC,102601.0
2025-06-22T04:33:30+00:00,ETH,2282.04
2025-06-22T05:21:56+00:00,BTC,102809.0
2025-06-22T05:21:56+00:00,ETH,2289.79
2025-06-22T06:31:38+00:00,BTC,102857.0
2025-06-22T06:31:38+00:00,ETH,2292.42
2025-06-22T07:21:20+00:00,BTC,102690.0
2025-06-22T07:21:20+00:00,ETH,2284.73
2025-06-22T08:28:02+00:00,BTC,102508.0
2025-06-22T08:28:02+00:00,ETH,2271.85
2025-06-22T09:22:34+00:00,BTC,102585.0
2025-06-22T09:22:34+00:00,ETH,2273.62
2025-06-22T10:22:36+00:00,BTC,102329.0
2025-06-22T10:22:36+00:00,ETH,2253.28
2025-06-22T11:17:57+00:00,BTC,102626.0
2025-06-22T11:17:57+00:00,ETH,2266.91
2025-06-22T12:42:19+00:00,BTC,102640.0
2025-06-22T12:42:19+00:00,ETH,2271.11
2025-06-22T13:29:33+00:00,BTC,101741.0
2025-06-22T13:29:33+00:00,ETH,2231.13
2025-06-22T14:19:44+00:00,BTC,100572.0
2025-06-22T14:19:44+00:00,ETH,2194.87
2025-06-22T15:21:55+00:00,BTC,99667.0
2025-06-22T15:21:55+00:00,ETH,2200.45
2025-06-22T16:26:38+00:00,BTC,98866.0
2025-06-22T16:26:38+00:00,ETH,2181.15
2025-06-22T17:20:08+00:00,BTC,99913.0
2025-06-22T17:20:08+00:00,ETH,2205.88
2025-06-22T18:29:59+00:00,BTC,99501.0
2025-06-22T18:29:59+00:00,ETH,2187.23
2025-06-22T19:17:38+00:00,BTC,99304.0
2025-06-22T19:17:38+00:00,ETH,2181.66
2025-06-22T20:23:42+00:00,BTC,98490.0
2025-06-22T20:23:42+00:00,ETH,2135.08
2025-06-22T21:19:58+00:00,BTC,99416.0
2025-06-22T21:19:58+00:00,ETH,2190.05
2025-06-22T22:20:47+00:00,BTC,100362.0
2025-06-22T22:20:47+00:00,ETH,2216.02
2025-06-22T23:21:15+00:00,BTC,100919.0
2025-06-22T23:21:15+00:00,ETH,2228.01
2025-06-23T02:02:18+00:00,BTC,101098.0
2025-06-23T02:02:18+00:00,ETH,2246.76
2025-06-23T03:56:06+00:00,BTC,101166.0
2025-06-23T03:56:06+00:00,ETH,2235.45
2025-06-23T04:37:55+00:00,BTC,101268.0
2025-06-23T04:37:55+00:00,ETH,2237.37
2025-06-23T05:25:20+00:00,BTC,101510.0
2025-06-23T05:25:20+00:00,ETH,2243.28
2025-06-23T06:35:57+00:00,BTC,101929.0
2025-06-23T06:35:57+00:00,ETH,2244.03
2025-06-23T07:24:25+00:00,BTC,101913.0
2025-06-23T07:24:25+00:00,ETH,2259.43
2025-06-23T08:32:38+00:00,BTC,101944.0
2025-06-23T08:32:38+00:00,ETH,2264.58
2025-06-23T09:27:36+00:00,BTC,101618.0
2025-06-23T09:27:36+00:00,ETH,2255.26
2025-06-23T10:26:22+00:00,BTC,101447.0
2025-06-23T10:26:22+00:00,ETH,2247.58
2025-06-23T11:20:33+00:00,BTC,101380.0
2025-06-23T11:20:33+00:00,ETH,2246.24
2025-06-23T12:50:15+00:00,BTC,101468.0
2025-06-23T12:50:15+00:00,ETH,2260.87
2025-06-23T13:37:30+00:00,BTC,101115.0
2025-06-23T13:37:30+00:00,ETH,2245.68
2025-06-23T14:24:04+00:00,BTC,102259.0
2025-06-23T14:24:04+00:00,ETH,2298.35
2025-06-23T15:26:06+00:00,BTC,101934.0
2025-06-23T15:26:06+00:00,ETH,2284.36
2025-06-23T16:30:44+00:00,BTC,100624.0
2025-06-23T16:30:44+00:00,ETH,2217.75
2025-06-23T17:21:05+00:00,BTC,101420.0
2025-06-23T17:21:05+00:00,ETH,2247.63
2025-06-23T18:33:09+00:00,BTC,102908.0
2025-06-23T18:33:09+00:00,ETH,2291.47
2025-06-23T19:18:32+00:00,BTC,103069.0
2025-06-23T19:18:32+00:00,ETH,2304.7
2025-06-23T20:26:13+00:00,BTC,103611.0
2025-06-23T20:26:13+00:00,ETH,2348.63
2025-06-23T21:21:57+00:00,BTC,104080.0
2025-06-23T21:21:57+00:00,ETH,2358.45
2025-06-23T22:23:08+00:00,BTC,105203.0
2025-06-23T22:23:08+00:00,ETH,2399.43
2025-06-23T23:18:59+00:00,BTC,105405.0
2025-06-23T23:18:59+00:00,ETH,2417.44
2025-06-24T01:56:17+00:00,BTC,105303.0
2025-06-24T01:56:17+00:00,ETH,2412.26
2025-06-24T03:21:28+00:00,BTC,104995.0
2025-06-24T03:21:28+00:00,ETH,2400.81
2025-06-24T04:32:36+00:00,BTC,104972.0
2025-06-24T04:32:36+00:00,ETH,2399.27
2025-06-24T05:24:05+00:00,BTC,105135.0
2025-06-24T05:24:05+00:00,ETH,2410.05
2025-06-24T06:34:46+00:00,BTC,105538.0
2025-06-24T06:34:46+00:00,ETH,2422.69
2025-06-24T07:24:02+00:00,BTC,105723.0
2025-06-24T07:24:02+00:00,ETH,2424.91
2025-06-24T08:32:17+00:00,BTC,105026.0
2025-06-24T08:32:17+00:00,ETH,2400.76
2025-06-24T09:26:38+00:00,BTC,105305.0
2025-06-24T09:26:38+00:00,ETH,2411.12
2025-06-24T10:26:07+00:00,BTC,105290.0
2025-06-24T10:26:07+00:00,ETH,2418.8
2025-06-24T11:20:19+00:00,BTC,105271.0
2025-06-24T11:20:19+00:00,ETH,2412.19
2025-06-24T12:49:34+00:00,BTC,105195.0
2025-06-24T12:49:34+00:00,ETH,2413.83
2025-06-24T13:36:02+00:00,BTC,105098.0
2025-06-24T13:36:02+00:00,ETH,2412.54
2025-06-24T14:24:13+00:00,BTC,105340.0
2025-06-24T14:24:13+00:00,ETH,2432.84
2025-06-24T15:26:14+00:00,BTC,105730.0
2025-06-24T15:26:14+00:00,ETH,2434.23
2025-06-24T16:30:02+00:00,BTC,105419.0
2025-06-24T16:30:02+00:00,ETH,2446.14
2025-06-24T17:22:15+00:00,BTC,105962.0
2025-06-24T17:22:15+00:00,ETH,2465.37
2025-06-24T18:32:46+00:00,BTC,105892.0
2025-06-24T18:32:46+00:00,ETH,2445.61
2025-06-24T19:18:34+00:00,BTC,105497.0
2025-06-24T19:18:34+00:00,ETH,2436.87
2025-06-24T20:26:24+00:00,BTC,105630.0
2025-06-24T20:26:24+00:00,ETH,2437.8
2025-06-24T21:22:06+00:00,BTC,105983.0
2025-06-24T21:22:06+00:00,ETH,2442.16
2025-06-24T22:22:07+00:00,BTC,105950.0
2025-06-24T22:22:07+00:00,ETH,2440.4
2025-06-24T23:21:55+00:00,BTC,105887.0
2025-06-24T23:21:55+00:00,ETH,2433.7
2025-06-25T01:56:19+00:00,BTC,106401.0
2025-06-25T01:56:19+00:00,ETH,2461.33
2025-06-25T03:22:49+00:00,BTC,106580.0
2025-06-25T03:22:49+00:00,ETH,2455.86
2025-06-25T04:33:00+00:00,BTC,106292.0
2025-06-25T04:33:00+00:00,ETH,2443.53
2025-06-25T05:24:06+00:00,BTC,106204.0
2025-06-25T05:24:06+00:00,ETH,2433.33
2025-06-25T06:35:00+00:00,BTC,106396.0
2025-06-25T06:35:00+00:00,ETH,2441.25
2025-06-25T07:23:51+00:00,BTC,106453.0
2025-06-25T07:23:51+00:00,ETH,2444.52
2025-06-25T08:32:32+00:00,BTC,106520.0
2025-06-25T08:32:32+00:00,ETH,2436.01
2025-06-25T09:27:33+00:00,BTC,106922.0
2025-06-25T09:27:33+00:00,ETH,2444.93
2025-06-25T10:26:05+00:00,BTC,106913.0
2025-06-25T10:26:05+00:00,ETH,2424.43
2025-06-25T11:20:30+00:00,BTC,107009.0
2025-06-25T11:20:30+00:00,ETH,2421.46
2025-06-25T12:50:17+00:00,BTC,107124.0
2025-06-25T12:50:17+00:00,ETH,2424.68
2025-06-25T13:36:54+00:00,BTC,107798.0
2025-06-25T13:36:54+00:00,ETH,2438.49
2025-06-25T14:23:53+00:00,BTC,107575.0
2025-06-25T14:23:53+00:00,ETH,2405.29
2025-06-25T15:26:31+00:00,BTC,107266.0
2025-06-25T15:26:31+00:00,ETH,2415.0
2025-06-25T16:31:11+00:00,BTC,107425.0
2025-06-25T16:31:11+00:00,ETH,2417.73
2025-06-25T17:21:32+00:00,BTC,107390.0
2025-06-25T17:21:32+00:00,ETH,2417.83
2025-06-25T18:33:46+00:00,BTC,107423.0
2025-06-25T18:33:46+00:00,ETH,2418.67
2025-06-25T19:16:33+00:00,BTC,107664.0
2025-06-25T19:16:33+00:00,ETH,2426.69
2025-06-25T20:26:27+00:00,BTC,107666.0
2025-06-25T20:26:27+00:00,ETH,2431.15
2025-06-25T21:21:47+00:00,BTC,107707.0
2025-06-25T21:21:47+00:00,ETH,2439.02
2025-06-25T22:22:11+00:00,BTC,107478.0
2025-06-25T22:22:11+00:00,ETH,2424.14
2025-06-25T23:21:56+00:00,BTC,107370.0
2025-06-25T23:21:56+00:00,ETH,2416.52
2025-06-26T01:55:13+00:00,BTC,107651.0
2025-06-26T01:55:13+00:00,ETH,2457.4
2025-06-26T03:20:33+00:00,BTC,108049.0
2025-06-26T03:20:33+00:00,ETH,2503.12
2025-06-26T04:32:34+00:00,BTC,107842.0
2025-06-26T04:32:34+00:00,ETH,2478.23
2025-06-26T05:23:58+00:00,BTC,107808.0
2025-06-26T05:23:58+00:00,ETH,2477.87
2025-06-26T06:34:59+00:00,BTC,107759.0
2025-06-26T06:34:59+00:00,ETH,2481.71
2025-06-26T07:23:05+00:00,BTC,107932.0
2025-06-26T07:23:05+00:00,ETH,2491.01
2025-06-26T08:31:59+00:00,BTC,107947.0
2025-06-26T08:31:59+00:00,ETH,2493.34
2025-06-26T09:26:04+00:00,BTC,107502.0
2025-06-26T09:26:04+00:00,ETH,2473.65
2025-06-26T10:25:30+00:00,BTC,107369.0
2025-06-26T10:25:30+00:00,ETH,2462.54
2025-06-26T11:19:51+00:00,BTC,107359.0
2025-06-26T11:19:51+00:00,ETH,2451.03
2025-06-26T12:49:27+00:00,BTC,107308.0
2025-06-26T12:49:27+00:00,ETH,2446.75
2025-06-26T13:35:09+00:00,BTC,107122.0
2025-06-26T13:35:09+00:00,ETH,2439.85
2025-06-26T14:23:06+00:00,BTC,107081.0
2025-06-26T14:23:06+00:00,ETH,2431.73
2025-06-26T15:25:00+00:00,BTC,107417.0
2025-06-26T15:25:00+00:00,ETH,2445.96
2025-06-26T16:29:12+00:00,BTC,107180.0
2025-06-26T16:29:12+00:00,ETH,2429.35
2025-06-26T17:20:34+00:00,BTC,107336.0
2025-06-26T17:20:34+00:00,ETH,2427.0
2025-06-26T18:33:08+00:00,BTC,107377.0
2025-06-26T18:33:08+00:00,ETH,2427.75
2025-06-26T19:18:44+00:00,BTC,107427.0
2025-06-26T19:18:44+00:00,ETH,2429.05
2025-06-26T20:26:11+00:00,BTC,107617.0
2025-06-26T20:26:11+00:00,ETH,2441.81
2025-06-26T21:21:50+00:00,BTC,107436.0
2025-06-26T21:21:50+00:00,ETH,2425.86
2025-06-26T22:22:00+00:00,BTC,107052.0
2025-06-26T22:22:00+00:00,ETH,2414.74
2025-06-26T23:21:47+00:00,BTC,106970.0
2025-06-26T23:21:47+00:00,ETH,2410.66
2025-06-27T01:56:13+00:00,BTC,107168.0
2025-06-27T01:56:13+00:00,ETH,2428.88
2025-06-27T03:22:14+00:00,BTC,107308.0
2025-06-27T03:22:14+00:00,ETH,2439.12
2025-06-27T04:31:44+00:00,BTC,107448.0
2025-06-27T04:31:44+00:00,ETH,2447.54
2025-06-27T05:23:10+00:00,BTC,107508.0
2025-06-27T05:23:10+00:00,ETH,2445.91
2025-06-27T06:34:27+00:00,BTC,107320.0
2025-06-27T06:34:27+00:00,ETH,2443.12
2025-06-27T07:22:59+00:00,BTC,107611.0
2025-06-27T07:22:59+00:00,ETH,2454.62
2025-06-27T08:31:03+00:00,BTC,106834.0
2025-06-27T08:31:03+00:00,ETH,2440.28
2025-06-27T09:25:12+00:00,BTC,106928.0
2025-06-27T09:25:12+00:00,ETH,2451.18
2025-06-27T10:25:29+00:00,BTC,107085.0
2025-06-27T10:25:29+00:00,ETH,2451.9
2025-06-27T11:19:54+00:00,BTC,107062.0
2025-06-27T11:19:54+00:00,ETH,2450.73
2025-06-27T12:48:11+00:00,BTC,106841.0
2025-06-27T12:48:11+00:00,ETH,2440.87
2025-06-27T13:33:29+00:00,BTC,106732.0
2025-06-27T13:33:29+00:00,ETH,2428.07
2025-06-27T14:22:35+00:00,BTC,106658.0
2025-06-27T14:22:35+00:00,ETH,2425.96
2025-06-27T15:24:35+00:00,BTC,106650.0
2025-06-27T15:24:35+00:00,ETH,2425.14
2025-06-27T16:29:31+00:00,BTC,107257.0
2025-06-27T16:29:31+00:00,ETH,2434.85
2025-06-27T17:20:07+00:00,BTC,107275.0
2025-06-27T17:20:07+00:00,ETH,2423.37
2025-06-27T18:32:16+00:00,BTC,106770.0
2025-06-27T18:32:16+00:00,ETH,2400.75
2025-06-27T19:16:47+00:00,BTC,106847.0
2025-06-27T19:16:47+00:00,ETH,2407.16
2025-06-27T20:25:17+00:00,BTC,107084.0
2025-06-27T20:25:17+00:00,ETH,2421.8
2025-06-27T21:19:35+00:00,BTC,107207.0
2025-06-27T21:19:35+00:00,ETH,2424.6
2025-06-27T22:23:46+00:00,BTC,107206.0
2025-06-27T22:23:46+00:00,ETH,2423.03
2025-06-27T23:22:29+00:00,BTC,107143.0
2025-06-27T23:22:29+00:00,ETH,2421.37
2025-06-28T01:52:05+00:00,BTC,107046.0
2025-06-28T01:52:05+00:00,ETH,2414.62
2025-06-28T03:15:59+00:00,BTC,107142.0
2025-06-28T03:15:59+00:00,ETH,2419.23
2025-06-28T04:28:52+00:00,BTC,107251.0
2025-06-28T04:28:52+00:00,ETH,2419.74
2025-06-28T05:22:56+00:00,BTC,107336.0
2025-06-28T05:22:56+00:00,ETH,2427.75
2025-06-28T06:31:05+00:00,BTC,107460.0
2025-06-28T06:31:05+00:00,ETH,2426.54
2025-06-28T07:20:50+00:00,BTC,107444.0
2025-06-28T07:20:50+00:00,ETH,2426.4
2025-06-28T08:27:53+00:00,BTC,107473.0
2025-06-28T08:27:53+00:00,ETH,2424.35
2025-06-28T09:24:28+00:00,BTC,107353.0
2025-06-28T09:24:28+00:00,ETH,2422.34
2025-06-28T10:22:39+00:00,BTC,107332.0
2025-06-28T10:22:39+00:00,ETH,2427.95
2025-06-28T11:18:14+00:00,BTC,107304.0
2025-06-28T11:18:14+00:00,ETH,2427.77
2025-06-28T12:42:41+00:00,BTC,107333.0
2025-06-28T12:42:41+00:00,ETH,2426.69
2025-06-28T13:29:49+00:00,BTC,107278.0
2025-06-28T13:29:49+00:00,ETH,2425.65
2025-06-28T14:19:29+00:00,BTC,107186.0
2025-06-28T14:19:29+00:00,ETH,2426.76
2025-06-28T15:21:57+00:00,BTC,107254.0
2025-06-28T15:21:57+00:00,ETH,2426.75
2025-06-28T16:26:45+00:00,BTC,107371.0
2025-06-28T16:26:45+00:00,ETH,2435.82
2025-06-28T17:18:46+00:00,BTC,107384.0
2025-06-28T17:18:46+00:00,ETH,2438.06
2025-06-28T18:29:46+00:00,BTC,107443.0
2025-06-28T18:29:46+00:00,ETH,2440.19
2025-06-28T19:17:34+00:00,BTC,107338.0
2025-06-28T19:17:34+00:00,ETH,2436.23
2025-06-28T20:23:36+00:00,BTC,107213.0
2025-06-28T20:23:36+00:00,ETH,2430.49
2025-06-28T21:20:21+00:00,BTC,107236.0
2025-06-28T21:20:21+00:00,ETH,2431.75
2025-06-28T22:20:58+00:00,BTC,107320.0
2025-06-28T22:20:58+00:00,ETH,2436.73
2025-06-28T23:21:15+00:00,BTC,107370.0
2025-06-28T23:21:15+00:00,ETH,2440.59
2025-06-29T02:06:14+00:00,BTC,107341.0
2025-06-29T02:06:14+00:00,ETH,2430.29
2025-06-29T03:57:40+00:00,BTC,107239.0
2025-06-29T03:57:40+00:00,ETH,2429.29
2025-06-29T04:41:28+00:00,BTC,107265.0
2025-06-29T04:41:28+00:00,ETH,2430.65
2025-06-29T05:24:55+00:00,BTC,107273.0
2025-06-29T05:24:55+00:00,ETH,2430.27
2025-06-29T06:32:42+00:00,BTC,107361.0
2025-06-29T06:32:42+00:00,ETH,2434.9
2025-06-29T07:21:09+00:00,BTC,107392.0
2025-06-29T07:21:09+00:00,ETH,2438.34
2025-06-29T08:28:09+00:00,BTC,107470.0
2025-06-29T08:28:09+00:00,ETH,2439.85
2025-06-29T09:22:28+00:00,BTC,107790.0
2025-06-29T09:22:28+00:00,ETH,2444.95
2025-06-29T10:25:39+00:00,BTC,108217.0
2025-06-29T10:25:39+00:00,ETH,2455.63
2025-06-29T11:17:59+00:00,BTC,108164.0
2025-06-29T11:17:59+00:00,ETH,2455.08
2025-06-29T12:43:39+00:00,BTC,108221.0
2025-06-29T12:43:39+00:00,ETH,2454.67
2025-06-29T13:30:21+00:00,BTC,108134.0
2025-06-29T13:30:21+00:00,ETH,2453.48
2025-06-29T14:19:20+00:00,BTC,108191.0
2025-06-29T14:19:20+00:00,ETH,2450.61
2025-06-29T15:22:02+00:00,BTC,107938.0
2025-06-29T15:22:02+00:00,ETH,2440.79
2025-06-29T16:26:49+00:00,BTC,107641.0
2025-06-29T16:26:49+00:00,ETH,2437.46
2025-06-29T17:18:53+00:00,BTC,107551.0
2025-06-29T17:18:53+00:00,ETH,2437.7
2025-06-29T18:29:59+00:00,BTC,107574.0
2025-06-29T18:29:59+00:00,ETH,2438.64
2025-06-29T19:17:34+00:00,BTC,107551.0
2025-06-29T19:17:34+00:00,ETH,2435.94
2025-06-29T20:24:13+00:00,BTC,107455.0
2025-06-29T20:24:13+00:00,ETH,2435.7
2025-06-29T21:20:29+00:00,BTC,107466.0
2025-06-29T21:20:29+00:00,ETH,2425.56
2025-06-29T22:21:06+00:00,BTC,107853.0
2025-06-29T22:21:06+00:00,ETH,2447.68
2025-06-29T23:21:30+00:00,BTC,108123.0
2025-06-29T23:21:30+00:00,ETH,2505.12
2025-06-30T02:01:20+00:00,BTC,108576.0
2025-06-30T02:01:20+00:00,ETH,2512.75
2025-06-30T03:55:24+00:00,BTC,108562.0
2025-06-30T03:55:24+00:00,ETH,2500.75
2025-06-30T04:36:17+00:00,BTC,108477.0
2025-06-30T04:36:17+00:00,ETH,2502.32
2025-06-30T05:25:57+00:00,BTC,108366.0
2025-06-30T05:25:57+00:00,ETH,2499.85
2025-06-30T06:35:34+00:00,BTC,108190.0
2025-06-30T06:35:34+00:00,ETH,2499.83
2025-06-30T07:24:42+00:00,BTC,107683.0
2025-06-30T07:24:42+00:00,ETH,2473.05
2025-06-30T08:32:22+00:00,BTC,107604.0
2025-06-30T08:32:22+00:00,ETH,2476.04
2025-06-30T09:27:39+00:00,BTC,107641.0
2025-06-30T09:27:39+00:00,ETH,2472.38
2025-06-30T10:26:10+00:00,BTC,107506.0
2025-06-30T10:26:10+00:00,ETH,2451.66
2025-06-30T11:19:53+00:00,BTC,107725.0
2025-06-30T11:19:53+00:00,ETH,2459.03
2025-06-30T12:49:31+00:00,BTC,107652.0
2025-06-30T12:49:31+00:00,ETH,2462.9
2025-06-30T13:35:33+00:00,BTC,107782.0
2025-06-30T13:35:33+00:00,ETH,2469.91
2025-06-30T14:23:17+00:00,BTC,107469.0
2025-06-30T14:23:17+00:00,ETH,2461.88
2025-06-30T15:26:10+00:00,BTC,106852.0
2025-06-30T15:26:10+00:00,ETH,2446.05
2025-06-30T16:29:45+00:00,BTC,107410.0
2025-06-30T16:29:45+00:00,ETH,2468.01
2025-06-30T17:20:20+00:00,BTC,107621.0
2025-06-30T17:20:20+00:00,ETH,2479.54
2025-06-30T18:32:58+00:00,BTC,107345.0
2025-06-30T18:32:58+00:00,ETH,2492.54
2025-06-30T19:17:47+00:00,BTC,107388.0
2025-06-30T19:17:47+00:00,ETH,2495.03
2025-06-30T20:25:08+00:00,BTC,107619.0
2025-06-30T20:25:08+00:00,ETH,2518.47
2025-06-30T21:21:39+00:00,BTC,107470.0
2025-06-30T21:21:39+00:00,ETH,2500.49
2025-06-30T22:22:28+00:00,BTC,107249.0
2025-06-30T22:22:28+00:00,ETH,2488.23
2025-06-30T23:21:34+00:00,BTC,107209.0
2025-06-30T23:21:34+00:00,ETH,2491.43
2025-07-01T02:06:59+00:00,BTC,107246.0
2025-07-01T02:06:59+00:00,ETH,2489.04
2025-07-01T04:00:52+00:00,BTC,107208.0
2025-07-01T04:00:52+00:00,ETH,2485.99
2025-07-01T05:26:18+00:00,BTC,106796.0
2025-07-01T05:26:18+00:00,ETH,2456.12
2025-07-01T06:35:18+00:00,BTC,106808.0
2025-07-01T06:35:18+00:00,ETH,2459.64
2025-07-01T07:24:51+00:00,BTC,106766.0
2025-07-01T07:24:51+00:00,ETH,2453.49
2025-07-01T08:32:13+00:00,BTC,106949.0
2025-07-01T08:32:13+00:00,ETH,2460.04
2025-07-01T09:27:16+00:00,BTC,106709.0
2025-07-01T09:27:16+00:00,ETH,2457.11
2025-07-01T10:26:24+00:00,BTC,106555.0
2025-07-01T10:26:24+00:00,ETH,2459.23
2025-07-01T11:20:14+00:00,BTC,106449.0
2025-07-01T11:20:14+00:00,ETH,2451.96
2025-07-01T12:49:28+00:00,BTC,106473.0
2025-07-01T12:49:28+00:00,ETH,2441.22
2025-07-01T13:35:37+00:00,BTC,106688.0
2025-07-01T13:35:37+00:00,ETH,2443.26
2025-07-01T14:22:48+00:00,BTC,107058.0
2025-07-01T14:22:48+00:00,ETH,2449.4
2025-07-01T15:25:15+00:00,BTC,105860.0
2025-07-01T15:25:15+00:00,ETH,2423.07
2025-07-01T16:29:47+00:00,BTC,106208.0
2025-07-01T16:29:47+00:00,ETH,2429.06
2025-07-01T17:21:13+00:00,BTC,106180.0
2025-07-01T17:21:13+00:00,ETH,2425.51
2025-07-01T18:32:28+00:00,BTC,105927.0
2025-07-01T18:32:28+00:00,ETH,2422.91
2025-07-01T19:18:13+00:00,BTC,105652.0
2025-07-01T19:18:13+00:00,ETH,2415.99
2025-07-01T20:25:54+00:00,BTC,105570.0
2025-07-01T20:25:54+00:00,ETH,2407.17
2025-07-01T21:21:55+00:00,BTC,105927.0
2025-07-01T21:21:55+00:00,ETH,2408.98
2025-07-01T22:22:00+00:00,BTC,105841.0
2025-07-01T22:22:00+00:00,ETH,2407.91
2025-07-01T23:21:53+00:00,BTC,105469.0
2025-07-01T23:21:53+00:00,ETH,2393.31
2025-07-02T01:55:46+00:00,BTC,105703.0
2025-07-02T01:55:46+00:00,ETH,2409.02
2025-07-02T03:21:20+00:00,BTC,106016.0
2025-07-02T03:21:20+00:00,ETH,2424.16
2025-07-02T04:32:58+00:00,BTC,106217.0
2025-07-02T04:32:58+00:00,ETH,2430.66
2025-07-02T05:26:04+00:00,BTC,106488.0
2025-07-02T05:26:04+00:00,ETH,2441.9
2025-07-02T06:34:54+00:00,BTC,106804.0
2025-07-02T06:34:54+00:00,ETH,2444.07
2025-07-02T07:23:08+00:00,BTC,106938.0
2025-07-02T07:23:08+00:00,ETH,2446.18
2025-07-02T08:31:56+00:00,BTC,107643.0
2025-07-02T08:31:56+00:00,ETH,2452.55
2025-07-02T09:27:20+00:00,BTC,107675.0
2025-07-02T09:27:20+00:00,ETH,2451.92
2025-07-02T10:25:52+00:00,BTC,107782.0
2025-07-02T10:25:52+00:00,ETH,2449.57
2025-07-02T11:20:11+00:00,BTC,107824.0
2025-07-02T11:20:11+00:00,ETH,2456.91
2025-07-02T12:48:50+00:00,BTC,107278.0
2025-07-02T12:48:50+00:00,ETH,2435.87
2025-07-02T13:34:52+00:00,BTC,107524.0
2025-07-02T13:34:52+00:00,ETH,2446.33
2025-07-02T14:23:10+00:00,BTC,107883.0
2025-07-02T14:23:10+00:00,ETH,2455.44
2025-07-02T15:26:00+00:00,BTC,108485.0
2025-07-02T15:26:00+00:00,ETH,2496.5
2025-07-02T16:29:25+00:00,BTC,109246.0
2025-07-02T16:29:25+00:00,ETH,2538.63
2025-07-02T17:20:50+00:00,BTC,109536.0
2025-07-02T17:20:50+00:00,ETH,2569.91
2025-07-02T18:33:03+00:00,BTC,109317.0
2025-07-02T18:33:03+00:00,ETH,2571.21
2025-07-02T19:18:21+00:00,BTC,109437.0
2025-07-02T19:18:21+00:00,ETH,2572.89
2025-07-02T20:24:26+00:00,BTC,109379.0
2025-07-02T20:24:26+00:00,ETH,2591.95
2025-07-02T21:22:16+00:00,BTC,109308.0
2025-07-02T21:22:16+00:00,ETH,2590.72
2025-07-02T22:21:49+00:00,BTC,109316.0
2025-07-02T22:21:49+00:00,ETH,2595.07
2025-07-02T23:23:17+00:00,BTC,109060.0
2025-07-02T23:23:17+00:00,ETH,2589.33
2025-07-03T01:56:11+00:00,BTC,109058.0
2025-07-03T01:56:11+00:00,ETH,2580.55
2025-07-03T03:23:19+00:00,BTC,108702.0
2025-07-03T03:23:19+00:00,ETH,2564.38
2025-07-03T04:34:29+00:00,BTC,108967.0
2025-07-03T04:34:29+00:00,ETH,2567.77
2025-07-03T05:26:22+00:00,BTC,109126.0
2025-07-03T05:26:22+00:00,ETH,2581.68
2025-07-03T06:35:02+00:00,BTC,109438.0
2025-07-03T06:35:02+00:00,ETH,2598.65
2025-07-03T07:22:51+00:00,BTC,109238.0
2025-07-03T07:22:51+00:00,ETH,2593.38
2025-07-03T08:31:09+00:00,BTC,109533.0
2025-07-03T08:31:09+00:00,ETH,2599.92
2025-07-03T09:25:47+00:00,BTC,109850.0
2025-07-03T09:25:47+00:00,ETH,2601.05
2025-07-03T10:26:01+00:00,BTC,109787.0
2025-07-03T10:26:01+00:00,ETH,2592.66
2025-07-03T11:20:10+00:00,BTC,109711.0
2025-07-03T11:20:10+00:00,ETH,2592.92
2025-07-03T12:47:12+00:00,BTC,109025.0
2025-07-03T12:47:12+00:00,ETH,2580.78
2025-07-03T13:34:23+00:00,BTC,109443.0
2025-07-03T13:34:23+00:00,ETH,2593.72
2025-07-03T14:22:48+00:00,BTC,110202.0
2025-07-03T14:22:48+00:00,ETH,2619.28
2025-07-03T15:25:19+00:00,BTC,109500.0
2025-07-03T15:25:19+00:00,ETH,2585.54
2025-07-03T16:29:26+00:00,BTC,109183.0
2025-07-03T16:29:26+00:00,ETH,2572.48
2025-07-03T17:22:25+00:00,BTC,109598.0
2025-07-03T17:22:25+00:00,ETH,2578.59
2025-07-03T18:32:39+00:00,BTC,109600.0
2025-07-03T18:32:39+00:00,ETH,2582.96
2025-07-03T19:18:10+00:00,BTC,109807.0
2025-07-03T19:18:10+00:00,ETH,2589.67
2025-07-03T20:24:50+00:00,BTC,109886.0
2025-07-03T20:24:50+00:00,ETH,2592.29
2025-07-03T21:21:16+00:00,BTC,109810.0
2025-07-03T21:21:16+00:00,ETH,2595.45
2025-07-03T22:21:48+00:00,BTC,109744.0
2025-07-03T22:21:48+00:00,ETH,2596.81
2025-07-03T23:22:21+00:00,BTC,109676.0
2025-07-03T23:22:21+00:00,ETH,2592.43
2025-07-04T01:55:41+00:00,BTC,109562.0
2025-07-04T01:55:41+00:00,ETH,2591.3
2025-07-04T03:20:54+00:00,BTC,109233.0
2025-07-04T03:20:54+00:00,ETH,2578.56
2025-07-04T04:32:54+00:00,BTC,109264.0
2025-07-04T04:32:54+00:00,ETH,2580.82
2025-07-04T05:25:30+00:00,BTC,109101.0
2025-07-04T05:25:30+00:00,ETH,2575.83
2025-07-04T06:35:25+00:00,BTC,108958.0
2025-07-04T06:35:25+00:00,ETH,2556.11
2025-07-04T07:23:46+00:00,BTC,108870.0
2025-07-04T07:23:46+00:00,ETH,2552.01
2025-07-04T08:31:05+00:00,BTC,108817.0
2025-07-04T08:31:05+00:00,ETH,2543.07
2025-07-04T09:25:59+00:00,BTC,108972.0
2025-07-04T09:25:59+00:00,ETH,2551.78
2025-07-04T10:25:02+00:00,BTC,108970.0
2025-07-04T10:25:02+00:00,ETH,2550.59
2025-07-04T11:20:12+00:00,BTC,109008.0
2025-07-04T11:20:12+00:00,ETH,2551.12
2025-07-04T12:47:50+00:00,BTC,108813.0
2025-07-04T12:47:50+00:00,ETH,2550.4
2025-07-04T13:33:32+00:00,BTC,108619.0
2025-07-04T13:33:32+00:00,ETH,2537.29
2025-07-04T14:22:16+00:00,BTC,107771.0
2025-07-04T14:22:16+00:00,ETH,2511.66
2025-07-04T15:23:35+00:00,BTC,107759.0
2025-07-04T15:23:35+00:00,ETH,2507.55
2025-07-04T16:28:29+00:00,BTC,107522.0
2025-07-04T16:28:29+00:00,ETH,2482.29
2025-07-04T17:19:47+00:00,BTC,107816.0
2025-07-04T17:19:47+00:00,ETH,2491.08
2025-07-04T18:31:31+00:00,BTC,107671.0
2025-07-04T18:31:31+00:00,ETH,2485.8
2025-07-04T19:19:02+00:00,BTC,107549.0
2025-07-04T19:19:02+00:00,ETH,2486.9
2025-07-04T20:24:39+00:00,BTC,107679.0
2025-07-04T20:24:39+00:00,ETH,2490.92
2025-07-04T21:21:21+00:00,BTC,107738.0
2025-07-04T21:21:21+00:00,ETH,2490.67
2025-07-04T22:21:55+00:00,BTC,108069.0
2025-07-04T22:21:55+00:00,ETH,2504.76
2025-07-04T23:21:28+00:00,BTC,108136.0
2025-07-04T23:21:28+00:00,ETH,2515.4
2025-07-05T01:51:33+00:00,BTC,107989.0
2025-07-05T01:51:33+00:00,ETH,2513.48
2025-07-05T03:16:07+00:00,BTC,108190.0
2025-07-05T03:16:07+00:00,ETH,2522.33
2025-07-05T04:29:56+00:00,BTC,108138.0
2025-07-05T04:29:56+00:00,ETH,2518.16
2025-07-05T05:22:30+00:00,BTC,108104.0
2025-07-05T05:22:30+00:00,ETH,2516.78
2025-07-05T06:31:33+00:00,BTC,108230.0
2025-07-05T06:31:33+00:00,ETH,2523.3
2025-07-05T07:21:04+00:00,BTC,108163.0
2025-07-05T07:21:04+00:00,ETH,2525.81
2025-07-05T08:28:19+00:00,BTC,108102.0
2025-07-05T08:28:19+00:00,ETH,2521.79
2025-07-05T09:22:33+00:00,BTC,107943.0
2025-07-05T09:22:33+00:00,ETH,2511.86
2025-07-05T10:22:46+00:00,BTC,108108.0
2025-07-05T10:22:46+00:00,ETH,2519.86
2025-07-05T11:17:56+00:00,BTC,108150.0
2025-07-05T11:17:56+00:00,ETH,2521.99
2025-07-05T12:42:46+00:00,BTC,108050.0
2025-07-05T12:42:46+00:00,ETH,2513.7
2025-07-05T13:30:11+00:00,BTC,108205.0
2025-07-05T13:30:11+00:00,ETH,2520.0
2025-07-05T14:21:33+00:00,BTC,108191.0
2025-07-05T14:21:33+00:00,ETH,2516.4
2025-07-05T15:21:56+00:00,BTC,108174.0
2025-07-05T15:21:56+00:00,ETH,2517.43
2025-07-05T16:26:38+00:00,BTC,108067.0
2025-07-05T16:26:38+00:00,ETH,2509.86
2025-07-05T17:18:50+00:00,BTC,108036.0
2025-07-05T17:18:50+00:00,ETH,2504.57
2025-07-05T18:29:10+00:00,BTC,108004.0
2025-07-05T18:29:10+00:00,ETH,2496.24
2025-07-05T19:17:53+00:00,BTC,107987.0
2025-07-05T19:17:53+00:00,ETH,2490.91
2025-07-05T20:23:33+00:00,BTC,108081.0
2025-07-05T20:23:33+00:00,ETH,2502.28
2025-07-05T21:20:49+00:00,BTC,108100.0
2025-07-05T21:20:49+00:00,ETH,2509.12
2025-07-05T22:20:37+00:00,BTC,108113.0
2025-07-05T22:20:37+00:00,ETH,2515.5
2025-07-05T23:22:34+00:00,BTC,108215.0
2025-07-05T23:22:34+00:00,ETH,2520.42
2025-07-06T02:04:46+00:00,BTC,108199.0
2025-07-06T02:04:46+00:00,ETH,2517.15
2025-07-06T03:56:12+00:00,BTC,108062.0
2025-07-06T03:56:12+00:00,ETH,2513.14
2025-07-06T04:36:54+00:00,BTC,108009.0
2025-07-06T04:36:54+00:00,ETH,2512.77
2025-07-06T05:23:03+00:00,BTC,107999.0
2025-07-06T05:23:03+00:00,ETH,2512.37
2025-07-06T06:32:23+00:00,BTC,108151.0
2025-07-06T06:32:23+00:00,ETH,2522.66
2025-07-06T07:20:39+00:00,BTC,108173.0
2025-07-06T07:20:39+00:00,ETH,2524.1
2025-07-06T08:28:02+00:00,BTC,107999.0
2025-07-06T08:28:02+00:00,ETH,2511.46
2025-07-06T09:22:22+00:00,BTC,108040.0
2025-07-06T09:22:22+00:00,ETH,2514.48
2025-07-06T10:23:30+00:00,BTC,107936.0
2025-07-06T10:23:30+00:00,ETH,2507.9
2025-07-06T11:19:04+00:00,BTC,107991.0
2025-07-06T11:19:04+00:00,ETH,2510.37
2025-07-06T12:43:48+00:00,BTC,108148.0
2025-07-06T12:43:48+00:00,ETH,2518.76
2025-07-06T13:30:34+00:00,BTC,108340.0
2025-07-06T13:30:34+00:00,ETH,2523.81
2025-07-06T14:19:33+00:00,BTC,108824.0
2025-07-06T14:19:33+00:00,ETH,2558.58
2025-07-06T15:22:07+00:00,BTC,108865.0
2025-07-06T15:22:07+00:00,ETH,2558.44
2025-07-06T16:26:50+00:00,BTC,108854.0
2025-07-06T16:26:50+00:00,ETH,2553.78
2025-07-06T17:19:36+00:00,BTC,108794.0
2025-07-06T17:19:36+00:00,ETH,2546.25
2025-07-06T18:30:15+00:00,BTC,108695.0
2025-07-06T18:30:15+00:00,ETH,2539.51
2025-07-06T19:18:07+00:00,BTC,108554.0
2025-07-06T19:18:07+00:00,ETH,2536.32
2025-07-06T20:24:39+00:00,BTC,108803.0
2025-07-06T20:24:39+00:00,ETH,2546.34
2025-07-06T21:20:45+00:00,BTC,108886.0
2025-07-06T21:20:45+00:00,ETH,2551.01
2025-07-06T22:22:42+00:00,BTC,109469.0
2025-07-06T22:22:42+00:00,ETH,2598.03
2025-07-06T23:21:26+00:00,BTC,109179.0
2025-07-06T23:21:26+00:00,ETH,2571.4
2025-07-07T02:01:50+00:00,BTC,109037.0
2025-07-07T02:01:50+00:00,ETH,2563.57
2025-07-07T03:55:53+00:00,BTC,109424.0
2025-07-07T03:55:53+00:00,ETH,2578.03
2025-07-07T04:37:48+00:00,BTC,109235.0
2025-07-07T04:37:48+00:00,ETH,2574.9
2025-07-07T05:26:41+00:00,BTC,109155.0
2025-07-07T05:26:41+00:00,ETH,2574.84
2025-07-07T06:36:12+00:00,BTC,109136.0
2025-07-07T06:36:12+00:00,ETH,2574.95
2025-07-07T07:24:22+00:00,BTC,108910.0
2025-07-07T07:24:22+00:00,ETH,2569.9
2025-07-07T08:33:22+00:00,BTC,108932.0
2025-07-07T08:33:22+00:00,ETH,2575.25
2025-07-07T09:27:38+00:00,BTC,108829.0
2025-07-07T09:27:38+00:00,ETH,2576.59
2025-07-07T10:26:30+00:00,BTC,108859.0
2025-07-07T10:26:30+00:00,ETH,2565.05
2025-07-07T11:20:07+00:00,BTC,108695.0
2025-07-07T11:20:07+00:00,ETH,2556.73
2025-07-07T12:49:25+00:00,BTC,108507.0
2025-07-07T12:49:25+00:00,ETH,2552.35
2025-07-07T13:35:42+00:00,BTC,108300.0
2025-07-07T13:35:42+00:00,ETH,2553.54
2025-07-07T14:23:38+00:00,BTC,108198.0
2025-07-07T14:23:38+00:00,ETH,2543.46
